{"cameraMode":{"drawMode":0,"name":"Shaded","section":"Shading Mode"},"sceneLighting":true,"audioPlay":false,"sceneViewState":{"m_AlwaysRefresh":false,"showFog":true,"showSkybox":true,"showFlares":true,"showImageEffects":true,"showParticleSystems":true,"showVisualEffectGraphs":true,"m_FxEnabled":true},"in2DMode":false,"pivot":{"x":-290.4214782714844,"y":-354.0567932128906,"z":-235.00454711914063},"rotation":{"x":0.15193527936935426,"y":-0.8466883301734924,"z":0.33360135555267336,"w":0.38574260473251345},"size":295.08819580078127,"orthographic":false}