{"cameraMode":{"drawMode":0,"name":"Shaded","section":"Shading Mode"},"sceneLighting":true,"audioPlay":false,"sceneViewState":{"m_AlwaysRefresh":false,"showFog":true,"showSkybox":true,"showFlares":true,"showImageEffects":true,"showParticleSystems":true,"showVisualEffectGraphs":true,"m_FxEnabled":true},"in2DMode":false,"pivot":{"x":64.47908020019531,"y":-38.01741409301758,"z":26.280105590820314},"rotation":{"x":0.23124511539936067,"y":0.47416403889656069,"z":-0.13062427937984467,"w":0.8394386172294617},"size":60.370811462402347,"orthographic":false}